{"cameraMode":{"drawMode":0,"name":"Shaded","section":"Shading Mode"},"sceneLighting":true,"audioPlay":false,"sceneViewState":{"showFog":true,"showMaterialUpdate":true,"showSkybox":true,"showFlares":true,"showImageEffects":true,"showParticleSystems":true},"in2DMode":false,"pivot":{"x":-3.2751410007476808,"y":-2.358027219772339,"z":-2.4665191173553469},"rotation":{"x":-0.11478503793478012,"y":0.8646060228347778,"z":-0.22982771694660188,"w":-0.4318181276321411},"size":7.485576629638672,"orthographic":false}